event_id,telegraph_ts,source,telegraph_text
TRT001,2025-11-05T21:57:05+0000,Trump (Truth Social),"The United States has more Nuclear Weapons than any other country. This was accomplished, including a complete update and renovation of existing weapons, during my First Term. Because of other countries testing programs, I have instructed the Department of War to start testing our Nuclear Weapons on an equal basis."
TRT002,2025-11-07T20:39:31+0000,Trump (Truth Social),"I have asked the DOJ to immediately begin an investigation into the Meat Packing Companies who are driving up the price of Beef through Illicit Collusion, Price Fixing, and Price Manipulation. We will always protect our American Ranchers, and they are being blamed for what is being done by Majority Foreign Owned Meat Packers, who artificially inflate prices, and jeopardize the security of our Nation's food supply. Action must be taken immediately to protect Consumers, combat Illegal Monopolies, and ensure these Corporations are not criminally profiting at the expense of the American People. I am asking the DOJ to act expeditiously. Thank you for your attention to this matter!"
TRT003,2025-11-22T01:37:14+0000,Trump (Truth Social),"Minnesota, under Governor Waltz, is a hub of fraudulent money laundering activity. I am, as President of the United States, hereby terminating, effective immediately, the Temporary Protected Status (TPS Program) for Somalis in Minnesota. Somali gangs are terrorizing the people of that great State, and BILLIONS of Dollars are missing. Send them back to where they came from. It's OVER! President DJT"
TRT004,2025-11-29T12:43:02+0000,Trump (Truth Social),"To all Airlines, Pilots, Drug Dealers, and Human Traffickers, please consider THE AIRSPACE ABOVE AND SURROUNDING VENEZUELA TO BE CLOSED IN ITS ENTIRETY. Thank you for your attention to this matter! PRESIDENT DONALD J. TRUMP"
TRT005,2025-12-05T14:32:37+0000,Trump (Truth Social),"I have just approved TINY CARS to be built in America. Manufacturers have long wanted to do this, just like they are so successfully built in other countries. They can be propelled by gasoline, electric, or hybrid. These cars of the very near future are inexpensive, safe, fuel efficient and, quite simply, AMAZING!!! START BUILDING THEM NOW! Thank you to the DOJ and the Departments of Transportation and Environment. ENJOY!!! President DONALD J. TRUMP"
TRT006,2025-12-06T00:36:50+0000,Trump (Truth Social),"Today, the CDC Vaccine Committee made a very good decision to END their Hepatitis B Vaccine Recommendation for babies, the vast majority of whom are at NO RISK of Hepatitis B, a disease that is mostly transmitted sexually, or through dirty needles. The American Childhood Vaccine Schedule long required 72 ""jabs,"" for perfectly healthy babies, far more than any other Country in the World, and far more than is necessary. In fact, it is ridiculous! Many parents and scientists have been questioning the efficacy of this ""schedule,"" as have I! That is why I have just signed a Presidential Memorandum directing the Department of Health and Human Services to ""FAST TRACK"" a comprehensive evaluation of Vaccine Schedules from other Countries around the World, and better align the U.S. Vaccine Schedule, so it is finally rooted in the Gold Standard of Science and COMMON SENSE! I am fully confident Secretary Robert F. Kennedy, Jr., and the CDC, will get this done, quickly and correctly, for our Nation's Children. Thank you for your attention to this matter. MAHA!"
TRT007,2025-12-08T21:29:41+0000,Trump (Truth Social),"I have informed President Xi, of China, that the United States will allow NVIDIA to ship its H200 products to approved customers in China, and other Countries, under conditions that allow for continued strong National Security. President Xi responded positively! $25% will be paid to the United States of America. This policy will support American Jobs, strengthen U.S. Manufacturing, and benefit American Taxpayers. The Biden Administration forced our Great Companies to spend BILLIONS OF DOLLARS building ""degraded"" products that nobody wanted, a terrible idea that slowed Innovation, and hurt the American Worker. That Era is OVER! We will protect National Security, create American Jobs, and keep America's lead in AI. NVIDIA's U.S. Customers are already moving forward with their incredible, highly advanced Blackwell chips, and soon, Rubin, neither of which are part of this deal. My Administration will always put America FIRST. The Department of Commerce is finalizing the details, and the same approach will apply to AMD, Intel, and other GREAT American Companies. MAKE AMERICA GREAT AGAIN!"
TRT008,2025-12-17T03:00:00+0000,Trump (Truth Social),"Trump orders 'blockade' of sanctioned oil tankers leaving, entering Venezuela:https://www.reuters.com/world/americas/trump-orders-blockade-sanctioned-oil-tankers-leaving-entering-venezuela-2025-12-16/"
TRT009,2025-12-19T22:57:03+0000,Trump (Truth Social),"Because of ISIS's vicious killing of brave American Patriots in Syria, whose beautiful souls I welcomed home to American soil earlier this week in a very dignified ceremony, I am hereby announcing that the United States is inflicting very serious retaliation, just as I promised, on the murderous terrorists responsible. We are striking very strongly against ISIS strongholds in Syria, a place soaked in blood which has many problems, but one that has a bright future if ISIS can be eradicated. The Government of Syria, led by a man who is working very hard to bring Greatness back to Syria, and is fully in support. All terrorists who are evil enough to attack Americans are hereby warned — YOU WILL BE HIT HARDER THAN YOU HAVE EVER BEEN HIT BEFORE IF YOU, IN ANY WAY, ATTACK OR THREATEN THE U.S.A. DONALD J. TRUMPPRESIDENT OF THE UNITED STATES OF AMERICA"
TRT010,2025-12-26T12:39:49+0000,Trump (Truth Social),Rubio imposes visa restrictions on European officials who attempted to censor American free speech: https://justthenews.com/government/diplomacy/rubio-issues-sanctions-european-officials-who-attempted-censor-american-free
TRT011,2025-12-30T21:18:01+0000,Trump (Truth Social),Amazon to invest up to $50B to build AI infrastructure for US government agencies: https://www.foxbusiness.com/markets/amazon-invest-up-50b-build-ai-infrastructure-us-government-agencies
TRT012,2026-01-03T09:21:19+0000,Trump (Truth Social),"The United States of America has successfully carried out a large scale strike against Venezuela and its leader, President Nicolas Maduro, who has been, along with his wife, captured and flown out of the Country. This operation was done in conjunction with U.S. Law Enforcement. Details to follow. There will be a News Conference today at 11 A.M., at Mar-a-Lago. Thank you for your attention to this matter! President DONALD J. TRUMP"
TRT013,2026-01-05T22:31:41+0000,Trump (Truth Social),"Today, the Trump Administration is proud to announce the United States of America's updated Childhood Vaccination Schedule. This Schedule is rooted in the Gold Standard of Science, and widely agreed upon by Scientists and Experts all over the World. Effective today, America will no longer require 72 ""jabs"" for our beautiful, healthy children. We are moving to a far more reasonable Schedule, where all children will only be recommended to receive Vaccinations for 11 of the most serious and dangerous diseases. Parents can still choose to give their children all of the Vaccinations, if they wish, and they will still be covered by insurance. However, this updated Schedule finally aligns the United States with other Developed Nations around the World. Congratulations to HHS Secretary Bobby Kennedy, CDC Acting Director Jim O'Neil, FDA Commissioner Marty Makary, CMS Administrator Dr. Oz, NIH Director Jay Bhattacharya, and all of the Medical Experts and Professionals who worked very hard to make this happen. Many Americans, especially the ""MAHA Moms,"" have been praying for these COMMON SENSE reforms for many years. Thank you for your attention to this matter! DONALD J. TRUMPPRESIDENT OF THE UNITED STATES OF AMERICA"
TRT014,2026-01-05T22:56:31+0000,Trump (Truth Social),"Trump cuts off $10B in funding to five blue states for child care, social services over fraud fears: https://nypost.com/2026/01/05/us-news/trump-freezes-10b-in-funding-to-five-blue-states-for-child-care-social-services-over-fraud-fears/"
TRT015,2026-01-06T23:46:31+0000,Trump (Truth Social),"I am pleased to announce that the Interim Authorities in Venezuela will be turning over between 30 and 50 MILLION Barrels of High Quality, Sanctioned Oil, to the United States of America. This Oil will be sold at its Market Price, and that money will be controlled by me, as President of the United States of America, to ensure it is used to benefit the people of Venezuela and the United States! I have asked Energy Secretary Chris Wright to execute this plan, immediately. It will be taken by storage ships, and brought directly to unloading docks in the United States. Thank you for your attention to this matter! DONALD J. TRUMPPRESIDENT OF THE UNITED STATES OF AMERICA"
TRT016,2026-01-07T21:02:44+0000,Trump (Truth Social),"I have been informed by the Department of War that Defense Contractor, Raytheon, has been the least responsive to the needs of the Department of War, the slowest in increasing their volume, and the most aggressive spending on their Shareholders rather than the needs and demands of the United States Military. Raytheon seems to think this is the Biden Administration, and this is ""business as usual,"" IT'S NOT! Either Raytheon steps up, and starts investing in more upfront Investment like Plants and Equipment, or they will no longer be doing business with Department of War. Also, if Raytheon wants further business with the United States Government, under no circumstances will they be allowed to do any additional Stock Buybacks, where they have spent Tens of Billions of Dollars, until they are able to get their act together. Our Country comes FIRST, and they're going to have to learn that, the hard way! PRESIDENT DONALD J. TRUMP"
TRT017,2026-01-09T09:19:37+0000,Trump (Truth Social),"Venezuela is releasing large numbers of political prisoners as a sign of ""Seeking Peace."" This is a very important and smart gesture. The U.S.A. and Venezuela are working well together, especially as it pertains to rebuilding, in a much bigger, better, and more modern form, their oil and gas infrastructure. Because of this cooperation, I have cancelled the previously expected second Wave of Attacks, which looks like it will not be needed, however, all ships will stay in place for safety and security purposes. At least 100 Billion Dollars will be invested by BIG OIL, all of whom I will be meeting with today at The White House. Thank you for your attention to this matter! President DJT"
TRT018,2026-01-09T19:58:38+0000,Trump (Truth Social),"Today, the United States of America, in coordination with the Interim Authorities of Venezuela, seized an oil tanker which departed Venezuela without our approval. This tanker is now on its way back to Venezuela, and the oil will be sold through the GREAT Energy Deal, which we have created for such sales. Thank you for your attention to this matter!"
TRT019,2026-01-10T01:11:11+0000,Trump (Truth Social),"Please be informed that we will no longer let the American Public be ""ripped off"" by Credit Card Companies that are charging Interest Rates of 20 to 30%, and even more, which festered unimpeded during the Sleepy Joe Biden Administration. AFFORDABILITY! Effective January 20, 2026, I, as President of the United States, am calling for a one year cap on Credit Card Interest Rates of 10%. Coincidentally, the January 20th date will coincide with the one year anniversary of the historic and very successful Trump Administration. Thank you for your attention to this matter. MAKE AMERICA GREAT AGAIN! PRESIDENT DONALD J. TRUMP"
TRT020,2026-01-10T01:10:30+0000,Trump (Truth Social),"Mortgage Rates are NOW 5.7%! Mortgage costs were HUGE under Biden (around 8%). That's why almost no young families could afford a home. With my focus on Housing Affordability, and after I authorized Fannie Mae and Freddie Mac to invest their cash, and BUY $200 Billion Dollars in Mortgage Bonds, Mortgage Rates moved down to 5.7%. This is GREAT news for American Families, and real cost relief. We are bringing Housing Costs DOWN, and putting Americans FIRST!"
TRT021,2026-01-12T21:46:20+0000,Trump (Truth Social),"Effective immediately, any Country doing business with the Islamic Republic of Iran will pay a Tariff of 25% on any and all business being done with the United States of America. This Order is final and conclusive. Thank you for your attention to this matter!PRESIDENT DONALD J. TRUMP"
TRT022,2026-01-19T23:08:21+0000,Trump (Truth Social),Trump administration ends temporary protected status for thousands of Somalis in US: https://www.foxnews.com/politics/trump-administration-ends-temporary-protected-status-thousands-somalis-us/
TRT023,2026-01-21T19:27:36+0000,Trump (Truth Social),"Based upon a very productive meeting that I have had with the Secretary General of NATO, Mark Rutte, we have formed the framework of a future deal with respect to Greenland and, in fact, the entire Arctic Region. This solution, if consummated, will be a great one for the United States of America, and all NATO Nations. Based upon this understanding, I will not be imposing the Tariffs that were scheduled to go into effect on February 1st. Additional discussions are being held concerning The Golden Dome as it pertains to Greenland. Further information will be made available as discussions progress. Vice President JD Vance, Secretary of State Marco Rubio, Special Envoy Steve Witkoff, and various others, as needed, will be responsible for the negotiations — They will report directly to me. Thank you for your attention to this matter!DONALD J. TRUMPPRESIDENT OF THE UNITED STATES OF AMERICA"
TRT024,2026-01-22T18:01:52+0000,Trump (Truth Social),Trump sues JPMorgan Chase and CEO Jamie Dimon for $5B over alleged 'political' debanking: https://www.foxbusiness.com/politics/trump-sues-jpmorgan-chase-ceo-jamie-dimon-5b-over-alleged-political-debanking
TRT025,2026-01-23T02:52:56+0000,Trump (Truth Social),"I am so happy to have helped in saving TikTok! It will now be owned by a group of Great American Patriots and Investors, the Biggest in the World, and will be an important Voice. Along with other factors, it was responsible for my doing so well with the Youth Vote in the 2024 Presidential Election. I only hope that long into the future I will be remembered by those who use and love TikTok. Thank you to Vice President JD Vance, and all of the others within my Administration, who helped bring this Deal to a very dramatic, final, and beautiful conclusion. I would also like to thank President Xi, of China, for working with us and, ultimately, approving the Deal. He could have gone the other way, but didn't, and is appreciated for his decision. PRESIDENT DONALD J. TRUMP"
TRT026,2026-01-23T07:25:59+0000,Trump (Truth Social),"RT @realDonaldTrumpI am so happy to have helped in saving TikTok! It will now be owned by a group of Great American Patriots and Investors, the Biggest in the World, and will be an important Voice. Along with other factors, it was responsible for my doing so well with the Youth Vote in the 2024 Presidential Election. I only hope that long into the future I will be remembered by those who use and love TikTok. Thank you to Vice President JD Vance, and all of the others within my Administration, who helped bring this Deal to a very dramatic, final, and beautiful conclusion. I would also like to thank President Xi, of China, for working with us and, ultimately, approving the Deal. He could have gone the other way, but didn't, and is appreciated for his decision. PRESIDENT DONALD J. TRUMP"
TRT027,2026-01-23T23:19:05+0000,Trump (Truth Social),"U.S., U.K. Strike Deal on Higher Drug Prices: Move marks victory for Trump administration campaign to get other countries to pay more for drugs: https://www.wsj.com/health/pharma/u-s-u-k-strike-deal-on-higher-drug-prices-a507f83c"
TRT028,2026-01-23T23:19:17+0000,Trump (Truth Social),General Motors to move Buick Envision SUV production from China to the United States:https://www.cbsnews.com/news/buick-envision-general-motors-propduction-us-china/
TRT029,2026-01-24T13:57:47+0000,Trump (Truth Social),"If Governor Carney thinks he is going to make Canada a ""Drop Off Port"" for China to send goods and products into the United States, he is sorely mistaken. China will eat Canada alive, completely devour it, including the destruction of their businesses, social fabric, and general way of life. If Canada makes a deal with China, it will immediately be hit with a 100% Tariff against all Canadian goods and products coming into the U.S.A. Thank you for your attention to this matter!President DJThttps://justthenews.com/government/diplomacy/deal-devil-canada-tries-trade-us-partnership-chinese-business/"
TRT030,2026-01-28T12:12:16+0000,Trump (Truth Social),"A massive Armada is heading to Iran. It is moving quickly, with great power, enthusiasm, and purpose. It is a larger fleet, headed by the great Aircraft Carrier Abraham Lincoln, than that sent to Venezuela. Like with Venezuela, it is, ready, willing, and able to rapidly fulfill its mission, with speed and violence, if necessary. Hopefully Iran will quickly ""Come to the Table"" and negotiate a fair and equitable deal - NO NUCLEAR WEAPONS - one that is good for all parties. Time is running out, it is truly of the essence! As I told Iran once before, MAKE A DEAL! They didn't, and there was ""Operation Midnight Hammer,"" a major destruction of Iran. The next attack will be far worse! Don't make that happen again. Thank you for your attention to this matter! President DONALD J. TRUMP"
TRT031,2026-01-29T23:29:25+0000,Trump (Truth Social),"Based on the fact that Canada has wrongfully, illegally, and steadfastly refused to certify the Gulfstream 500, 600, 700, and 800 Jets, one of the greatest, most technologically advanced airplanes ever made, we are hereby decertifying their Bombardier Global Expresses, and all Aircraft made in Canada, until such time as Gulfstream, a Great American Company, is fully certified, as it should have been many years ago. Further, Canada is effectively prohibiting the sale of Gulfstream products in Canada through this very same certification process. If, for any reason, this situation is not immediately corrected, I am going to charge Canada a 50% Tariff on any and all Aircraft sold into the United States of America. Thank you for your attention to this matter!DONALD J. TRUMPPRESIDENT OF THE UNITED STATES OF AMERICA"
TRT032,2026-02-02T16:58:20+0000,Trump (Truth Social),"It was an Honor to speak with Prime Minister Modi, of India, this morning. He is one of my greatest friends and, a Powerful and Respected Leader of his Country. We spoke about many things, including Trade, and ending the War with Russia and Ukraine. He agreed to stop buying Russian Oil, and to buy much more from the United States and, potentially, Venezuela. This will help END THE WAR in Ukraine, which is taking place right now, with thousands of people dying each and every week! Out of friendship and respect for Prime Minister Modi and, as per his request, effective immediately, we agreed to a Trade Deal between the United States and India, whereby the United States will charge a reduced Reciprocal Tariff, lowering it from 25% to 18%. They will likewise move forward to reduce their Tariffs and Non Tariff Barriers against the United States, to ZERO. The Prime Minister also committed to ""BUY AMERICAN,"" at a much higher level, in addition to over $500 BILLION DOLLARS of U.S. Energy, Technology, Agricultural, Coal, and many other products. Our amazing relationship with India will be even stronger going forward. Prime Minister Modi and I are two people that GET THINGS DONE, something that cannot be said for most. Thank you for your attention to this matter! PRESIDENT DONALD J. TRUMP"
TRT033,2026-02-06T21:53:51+0000,Trump (Truth Social),Trump Announces Dramatic Drop in Ozempic Price: https://dailycaller.com/2026/02/05/trump-announces-drop-price-ozempic/
TRT034,2026-02-12T13:43:44+0000,Trump (Truth Social),Pentagon Prepares Second Aircraft Carrier to Deploy to the Middle East: https://www.wsj.com/politics/national-security/pentagon-prepares-second-aircraft-carrier-to-deploy-to-the-middle-east-e7140a64
TRT035,2026-02-12T16:22:08+0000,Trump (Truth Social),"Relations between Venezuela and the United States have been, to put it mildly, extraordinary! We are dealing very well with President Delcy Rodriguez, and her Representatives. Oil is starting to flow, and large amounts of money, unseen for many years, will soon be greatly helping the people of Venezuela. Marco Rubio, and all of our Representatives, are doing a fantastic job, but we speak only for ourselves, and don't want there to be any confusion or misrepresentation. There is a story about a man named Harry Sargeant III in The Wall Street Journal. He has no authority, in any way, shape, or form, to act on behalf of the United States of America, nor does anyone else that is not approved by the State Department. Without this approval, no one is authorized to represent our Country. Thank you for your attention to this matter! PRESIDENT DONALD J. TRUMP"
TRT036,2026-02-17T20:21:14+0000,Trump (Truth Social),"Our MASSIVE Trade Deal with Japan has just launched! Japan is now officially, and financially, moving forward with the FIRST set of Investments under its $550 BILLION Dollar Commitment to invest in the United States of America — part of our Historic Trade Deal to REVITALIZE the American Industrial Base, create HUNDREDS OF THOUSANDS of GREAT American Jobs, and strengthen our National and Economic Security like never before. Today, I am pleased to announce three TREMENDOUS Projects in the Strategic Areas of Oil & Gas in the Great State of Texas, Power Generation in the Great State of Ohio, and Critical Minerals in the Great State of Georgia. The scale of these projects are so large, and could not be done without one very special word, TARIFFS. The Gas Power Plant in Ohio (A State I won THREE TIMES!) will be the largest in History, the LNG Facility in the Gulf of America will drive Exports, and further our Country's Energy DOMINANCE, and our Critical Minerals Facility will end our FOOLISH dependance on Foreign Sources. America is building again. America is producing again. And America is WINNING again. This is a very exciting and HISTORIC time for the United States of America and Japan. Congratulations to all! Thank you for your attention to this matter!PRESIDENT DONALD J. TRUMP"
TRT037,2026-02-20T23:39:39+0000,Trump (Truth Social),"It is my Great Honor to have just signed, from the Oval Office, a Global 10% Tariff on all Countries, which will be effective almost immediately. Thank you for your attention to this matter! PRESIDENT DONALD J. TRUMP"
TRT038,2026-02-21T15:59:33+0000,Trump (Truth Social),"Based on a thorough, detailed, and complete review of the ridiculous, poorly written, and extraordinarily anti-American decision on Tariffs issued yesterday, after MANY months of contemplation, by the United States Supreme Court, please let this statement serve to represent that I, as President of the United States of America, will be, effective immediately, raising the 10% Worldwide Tariff on Countries, many of which have been ""ripping"" the U.S. off for decades, without retribution (until I came along!), to the fully allowed, and legally tested, 15% level. During the next short number of months, the Trump Administration will determine and issue the new and legally permissible Tariffs, which will continue our extraordinarily successful process of Making America Great Again - GREATER THAN EVER BEFORE!!! Thank you for your attention to this matter. President DONALD J. TRUMP"
TRT039,2026-02-28T21:37:32+0000,Trump (Truth Social),"Khamenei, one of the most evil people in History, is dead. This is not only Justice for the people of Iran, but for all Great Americans, and those people from many Countries throughout the World, that have been killed or mutilated by Khamenei and his gang of bloodthirsty THUGS. He was unable to avoid our Intelligence and Highly Sophisticated Tracking Systems and, working closely with Israel, there was not a thing he, or the other leaders that have been killed along with him, could do. This is the single greatest chance for the Iranian people to take back their Country. We are hearing that many of their IRGC, Military, and other Security and Police Forces, no longer want to fight, and are looking for Immunity from us. As I said last night, ""Now they can have Immunity, later they only get Death!"" Hopefully, the IRGC and Police will peacefully merge with the Iranian Patriots, and work together as a unit to bring back the Country to the Greatness it deserves. That process should soon be starting in that, not only the death of Khamenei but the Country has been, in only one day, very much destroyed and, even, obliterated. The heavy and pinpoint bombing, however, will continue, uninterrupted throughout the week or, as long as necessary to achieve our objective of PEACE THROUGHOUT THE MIDDLE EAST AND, INDEED, THE WORLD!Thank you for your attention to this matter.PRESIDENT DONALD J. TRUMP"
TRT040,2026-03-01T05:25:12+0000,Trump (Truth Social),"Iran just stated that they are going to hit very hard today, harder than they have ever hit before. THEY BETTER NOT DO THAT, HOWEVER, BECAUSE IF THEY DO, WE WILL HIT THEM WITH A FORCE THAT HAS NEVER BEEN SEEN BEFORE! Thank you for your attention to this matter! President DONALD J. TRUMP"
TRT041,2026-03-01T17:21:44+0000,Trump (Truth Social),"I have just been informed that we have destroyed and sunk 9 Iranian Naval Ships, some of them relatively large and important. We are going after the rest — They will soon be floating at the bottom of the sea, also! In a different attack, we largely destroyed their Naval Headquarters. Other than that, their Navy is doing very well! PRESIDENT DONALD J. TRUMP"
TRT042,2026-03-03T19:37:13+0000,Trump (Truth Social),"Effective IMMEDIATELY, I have ordered the United States Development Finance Corporation (DFC) to provide, at a very reasonable price, political risk insurance and guarantees for the Financial Security of ALL Maritime Trade, especially Energy, traveling through the Gulf. This will be available to all Shipping Lines. If necessary, the United States Navy will begin escorting tankers through the Strait of Hormuz, as soon as possible. No matter what, the United States will ensure the FREE FLOW of ENERGY to the WORLD. The United States' ECONOMIC and MILITARY MIGHT is the GREATEST ON EARTH — More actions to come. Thank you for your attention to this matter! President DONALD J. TRUMP"
TRT043,2026-03-04T20:09:05+0000,Trump (Truth Social),"Delcy Rodríguez, who is the President of Venezuela, is doing a great job, and working with U.S. Representatives very well. The Oil is beginning to flow, and the professionalism and dedication between both Countries is a very nice thing to see! President DONALD J. TRUMP"
TRT044,2026-03-06T20:46:22+0000,Trump (Truth Social),"We just concluded a very good meeting with the largest U.S. Defense Manufacturing Companies where we discussed Production and Production Schedules. They have agreed to quadruple Production of the ""Exquisite Class"" Weaponry in that we want to reach, as rapidly as possible, the highest levels of quantity. Expansion began three months prior to the meeting, and Plants and Production of many of these Weapons are already under way. We have a virtually unlimited supply of Medium and Upper Medium Grade Munitions, which we are using, as an example, in Iran, and recently used in Venezuela. Regardless, however, we have also increased Orders at these levels. The Companies represented were the CEOs of BAE Systems, Boeing, Honeywell Aerospace, L3Harris Missile Solutions, Lockheed Martin, Northrop Grumman, and Raytheon. The meeting concluded with another meeting scheduled in two months. States all over the Country are bidding for these new Plants. Thank you for your attention to this matter! President DONALD J. TRUMP"
TRT045,2026-03-10T20:20:24+0000,Trump (Truth Social),"I am pleased to report that within the last few hours, we have hit, and completely destroyed, 10 inactive mine laying boats and/or ships, with more to follow! President DONALD J. TRUMP"
TRT046,2026-03-10T21:17:50+0000,Trump (Truth Social),"America is returning to REAL ENERGY DOMINANCE! Today I am proud to announce that America First Refining is opening the FIRST new U.S. Oil Refinery in 50 YEARS in Brownsville, Texas. THIS IS A HISTORIC $300 BILLION DOLLAR DEAL — THE BIGGEST IN U.S. HISTORY, A MASSIVE WIN for American Workers, Energy, and the GREAT People of South Texas! Thank you to our partners in India, and their largest privately held Energy Company, Reliance, for this tremendous Investment. It is because of our America First Agenda, streamlining Permits, and lowering Taxes, that have attracted Billions of Dollars in Deals coming back to our Nation. A new Refinery at the Port of Brownsville, will fuel U.S. Markets, strengthen our National Security, boost American Energy production, deliver Billions of Dollars in Economic impact, and will be THE CLEANEST REFINERY IN THE WORLD. It will power Global Exports, and bring THOUSANDS of long overdue Jobs and Growth to a Region that deserves it. This is what AMERICAN ENERGY DOMINANCE looks like. AMERICA FIRST, ALWAYS!"
TRT047,2026-03-13T22:54:10+0000,Trump (Truth Social),"Moments ago, at my direction, the United States Central Command executed one of the most powerful bombing raids in the History of the Middle East, and totally obliterated every MILITARY target in Iran's crown jewel, Kharg Island. Our Weapons are the most powerful and sophisticated that the World has ever known but, for reasons of decency, I have chosen NOT to wipe out the Oil Infrastructure on the Island. However, should Iran, or anyone else, do anything to interfere with the Free and Safe Passage of Ships through the Strait of Hormuz, I will immediately reconsider this decision. During my First Term, and currently, I rebuilt our Military into the Most Lethal, Powerful, and Effective Force, by far, anywhere in the World. Iran has NO ability to defend anything that we want to attack — There is nothing they can do about it! Iran will NEVER have a nuclear weapon, nor will it have the ability to threaten the United States of America, the Middle East or, for that matter, the World! Iran's Military, and all others involved with this Terrorist Regime, would be wise to lay down their arms, and save what's left of their country, which isn't much! Thank you for your attention to this matter. President DONALD J. TRUMP"
TRT048,2026-03-14T14:04:32+0000,Trump (Truth Social),"Many Countries, especially those who are affected by Iran's attempted closure of the Hormuz Strait, will be sending War Ships, in conjunction with the United States of America, to keep the Strait open and safe. We have already destroyed 100% of Iran's Military capability, but it's easy for them to send a drone or two, drop a mine, or deliver a close range missile somewhere along, or in, this Waterway, no matter how badly defeated they are. Hopefully China, France, Japan, South Korea, the UK, and others, that are affected by this artificial constraint, will send Ships to the area so that the Hormuz Strait will no longer be a threat by a Nation that has been totally decapitated. In the meantime, the United States will be bombing the hell out of the shoreline, and continually shooting Iranian Boats and Ships out of the water. One way or the other, we will soon get the Hormuz Strait OPEN, SAFE, and FREE! President DONALD J. TRUMP"
TRT049,2026-03-19T02:05:29+0000,Trump (Truth Social),"Israel, out of anger for what has taken place in the Middle East, has violently lashed out at a major facility known as South Pars Gas Field in Iran. A relatively small section of the whole has been hit. The United States knew nothing about this particular attack, and the country of Qatar was in no way, shape, or form, involved with it, nor did it have any idea that it was going to happen. Unfortunately, Iran did not know this, or any of the pertinent facts pertaining to the South Pars attack, and unjustifiably and unfairly attacked a portion of Qatar's LNG Gas facility. NO MORE ATTACKS WILL BE MADE BY ISRAEL pertaining to this extremely important and valuable South Pars Field unless Iran unwisely decides to attack a very innocent, in this case, Qatar - In which instance the United States of America, with or without the help or consent of Israel, will massively blow up the entirety of the South Pars Gas Field at an amount of strength and power that Iran has never seen or witnessed before. I do not want to authorize this level of violence and destruction because of the long term implications that it will have on the future of Iran, but if Qatar's LNG is again attacked, I will not hesitate to do so. Thank you for your attention to this matter. President DONALD J. TRUMP"
TRT050,2026-03-21T23:44:53+0000,Trump (Truth Social),"If Iran doesn't FULLY OPEN, WITHOUT THREAT, the Strait of Hormuz, within 48 HOURS from this exact point in time, the United States of America will hit and obliterate their various POWER PLANTS, STARTING WITH THE BIGGEST ONE FIRST! Thank you for your attention to this matter. President DONALD J. TRUMP"
TRT051,2026-03-23T11:23:40+0000,Trump (Truth Social),"I AM PLEASED TO REPORT THAT THE UNITED STATES OF AMERICA, AND THE COUNTRY OF IRAN, HAVE HAD, OVER THE LAST TWO DAYS, VERY GOOD AND PRODUCTIVE CONVERSATIONS REGARDING A COMPLETE AND TOTAL RESOLUTION OF OUR HOSTILITIES IN THE MIDDLE EAST. BASED ON THE TENOR AND TONE OF THESE IN DEPTH, DETAILED, AND CONSTRUCTIVE CONVERSATIONS, WHICH WILL CONTINUE THROUGHOUT THE WEEK, I HAVE INSTRUCTED THE DEPARTMENT OF WAR TO POSTPONE ANY AND ALL MILITARY STRIKES AGAINST IRANIAN POWER PLANTS AND ENERGY INFRASTRUCTURE FOR A FIVE DAY PERIOD, SUBJECT TO THE SUCCESS OF THE ONGOING MEETINGS AND DISCUSSIONS. THANK YOU FOR YOUR ATTENTION TO THIS MATTER! PRESIDENT DONALD J. TRUMP"
TRT052,2026-03-26T20:11:41+0000,Trump (Truth Social),"As per Iranian Government request, please let this statement serve to represent that I am pausing the period of Energy Plant destruction by 10 Days to Monday, April 6, 2026, at 8 P.M., Eastern Time. Talks are ongoing and, despite erroneous statements to the contrary by the Fake News Media, and others, they are going very well. Thank you for your attention to this matter! President DONALD J. TRUMP"
TRT053,2026-03-30T02:29:30+0000,Trump (Truth Social),"Big day in Iran. Many long sought after targets have been taken out and destroyed by our GREAT MILITARY, the finest and most lethal in the World. God bless you all! President DJT"
TRT054,2026-03-30T11:26:45+0000,Trump (Truth Social),"The United States of America is in serious discussions with A NEW, AND MORE REASONABLE, REGIME to end our Military Operations in Iran. Great progress has been made but, if for any reason a deal is not shortly reached, which it probably will be, and if the Hormuz Strait is not immediately ""Open for Business,"" we will conclude our lovely ""stay"" in Iran by blowing up and completely obliterating all of their Electric Generating Plants, Oil Wells and Kharg Island (and possibly all desalinization plants!), which we have purposefully not yet ""touched."" This will be in retribution for our many soldiers, and others, that Iran has butchered and killed over the old Regime's 47 year ""Reign of Terror."" Thank you for your attention to this matter. President DONALD J. TRUMP"
TRT055,2026-03-31T11:11:14+0000,Trump (Truth Social),"All of those countries that can't get jet fuel because of the Strait of Hormuz, like the United Kingdom, which refused to get involved in the decapitation of Iran, I have a suggestion for you: Number 1, buy from the U.S., we have plenty, and Number 2, build up some delayed courage, go to the Strait, and just TAKE IT. You'll have to start learning how to fight for yourself, the U.S.A. won't be there to help you anymore, just like you weren't there for us. Iran has been, essentially, decimated. The hard part is done. Go get your own oil! President DJT"
TRT056,2026-04-01T12:44:52+0000,Trump (Truth Social),"Iran's New Regime President, much less Radicalized and far more intelligent than his predecessors, has just asked the United States of America for a CEASEFIRE! We will consider when Hormuz Strait is open, free, and clear. Until then, we are blasting Iran into oblivion or, as they say, back to the Stone Ages!!! President DJT"
TRT057,2026-04-02T16:37:55+0000,Trump (Truth Social),"The biggest bridge in Iran comes tumbling down, never to be used again — Much more to follow! IT IS TIME FOR IRAN TO MAKE A DEAL BEFORE IT IS TOO LATE, AND THERE IS NOTHING LEFT OF WHAT STILL COULD BECOME A GREAT COUNTRY! President DONALD J. TRUMP"
TRT058,2026-04-04T20:37:34+0000,Trump (Truth Social),"Many of Iran's Military Leaders, who have led them poorly and unwisely, are terminated, along with much else, with this massive strike in Tehran! President DONALD J. TRUMP"
TRT059,2026-04-05T12:03:26+0000,Trump (Truth Social),"Tuesday will be Power Plant Day, and Bridge Day, all wrapped up in one, in Iran. There will be nothing like it!!! Open the Fuckin' Strait, you crazy bastards, or you'll be living in Hell - JUST WATCH! Praise be to Allah. President DONALD J. TRUMP"
TRT060,2026-04-07T22:32:26+0000,Trump (Truth Social),"Based on conversations with Prime Minister Shehbaz Sharif and Field Marshal Asim Munir, of Pakistan, and wherein they requested that I hold off the destructive force being sent tonight to Iran, and subject to the Islamic Republic of Iran agreeing to the COMPLETE, IMMEDIATE, and SAFE OPENING of the Strait of Hormuz, I agree to suspend the bombing and attack of Iran for a period of two weeks. This will be a double sided CEASEFIRE! The reason for doing so is that we have already met and exceeded all Military objectives, and are very far along with a definitive Agreement concerning Longterm PEACE with Iran, and PEACE in the Middle East. We received a 10 point proposal from Iran, and believe it is a workable basis on which to negotiate. Almost all of the various points of past contention have been agreed to between the United States and Iran, but a two week period will allow the Agreement to be finalized and consummated. On behalf of the United States of America, as President, and also representing the Countries of the Middle East, it is an Honor to have this Longterm problem close to resolution. Thank you for your attention to this matter! President DONALD J. TRUMP"
TRT061,2026-04-08T11:22:43+0000,Trump (Truth Social),"The United States will work closely with Iran, which we have determined has gone through what will be a very productive Regime Change! There will be no enrichment of Uranium, and the United States will, working with Iran, dig up and remove all of the deeply buried (B-2 Bombers) Nuclear ""Dust."" It is now, and has been, under very exacting Satellite Surveillance (Space Force!). Nothing has been touched from the date of attack. We are, and will be, talking Tariff and Sanctions relief with Iran. Many of the 15 points have already been been agreed to. Thank you for your attention to this matter. President DONALD J. TRUMP"
TRT062,2026-04-08T11:30:02+0000,Trump (Truth Social),"A Country supplying Military Weapons to Iran will be immediately tariffed, on any and all goods sold to the United States of America, 50%, effective immediately. There will be no exclusions or exemptions! President DJT"
TRT063,2026-04-09T03:46:41+0000,Trump (Truth Social),"All U.S. Ships, Aircraft, and Military Personnel, with additional Ammunition, Weaponry, and anything else that is appropriate and necessary for the lethal prosecution and destruction of an already substantially degraded Enemy, will remain in place in, and around, Iran, until such time as the REAL AGREEMENT reached is fully complied with. If for any reason it is not, which is highly unlikely, then the ""Shootin' Starts,"" bigger, and better, and stronger than anyone has ever seen before. It was agreed, a long time ago, and despite all of the fake rhetoric to the contrary - NO NUCLEAR WEAPONS and, the Strait of Hormuz WILL BE OPEN & SAFE. In the meantime our great Military is Loading Up and Resting, looking forward, actually, to its next Conquest. AMERICA IS BACK!"
TRT064,2026-04-12T12:52:44+0000,Trump (Truth Social),"So, there you have it, the meeting went well, most points were agreed to, but the only point that really mattered, NUCLEAR, was not. Effective immediately, the United States Navy, the Finest in the World, will begin the process of BLOCKADING any and all Ships trying to enter, or leave, the Strait of Hormuz. At some point, we will reach an ""ALL BEING ALLOWED TO GO IN, ALL BEING ALLOWED TO GO OUT"" basis, but Iran has not allowed that to happen by merely saying, ""There may be a mine out there somewhere,"" that nobody knows about but them. THIS IS WORLD EXTORTION, and Leaders of Countries, especially the United States of America, will never be extorted. I have also instructed our Navy to seek and interdict every vessel in International Waters that has paid a toll to Iran. No one who pays an illegal toll will have safe passage on the high seas. We will also begin destroying the mines the Iranians laid in the Straits. Any Iranian who fires at us, or at peaceful vessels, will be BLOWN TO HELL! Iran knows, better than anyone, how to END this situation which has already devastated their Country. Their Navy is gone, their Air Force is gone, their Anti Aircraft and Radar are useless, Khomeini, and most of their ""Leaders,"" are dead, all because of their Nuclear ambition. The Blockade will begin shortly. Other Countries will be involved with this Blockade. Iran will not be allowed to profit off this Illegal Act of EXTORTION. They want money and, more importantly, they want Nuclear. Additionally and, at an appropriate moment, we are fully ""LOCKED AND LOADED,"" and our Military will finish up the little that is left of Iran! President DONALD J. TRUMP"
TRT065,2026-04-13T04:43:13+0000,Trump (Truth Social),The United States to Blockade Ships Entering or Exiting Iranian Ports on April 13 at 10:00 A.M. ET. Thank you for your attention to this matter! President DJT
TRT066,2026-04-15T11:46:18+0000,Trump (Truth Social),"China is very happy that I am permanently opening the Strait of Hormuz. I am doing it for them, also - And the World. This situation will never happen again. They have agreed not to send weapons to Iran. President Xi will give me a big, fat, hug when I get there in a few weeks. We are working together smartly, and very well! Doesn't that beat fighting??? BUT REMEMBER, we are very good at fighting, if we have to - far better than anyone else!!! President DJT"
TRT067,2026-04-17T13:06:35+0000,Trump (Truth Social),IRAN HAS JUST ANNOUNCED THAT THE STRAIT OF IRAN IS FULLY OPEN AND READY FOR FULL PASSAGE. THANK YOU!
TRT068,2026-04-17T13:27:06+0000,Trump (Truth Social),"THE STRAIT OF HORMUZ IS COMPLETELY OPEN AND READY FOR BUSINESS AND FULL PASSAGE, BUT THE NAVAL BLOCKADE WILL REMAIN IN FULL FORCE AND EFFECT AS IT PERTAINS TO IRAN, ONLY, UNTIL SUCH TIME AS OUR TRANSACTION WITH IRAN IS 100% COMPLETE. THIS PROCESS SHOULD GO VERY QUICKLY IN THAT MOST OF THE POINTS ARE ALREADY NEGOTIATED. THANK YOU FOR YOUR ATTENTION TO THIS MATTER! PRESIDENT DONALD J.TRUMP"
TRT069,2026-04-17T14:40:05+0000,Trump (Truth Social),Iran has agreed to never close the Strait of Hormuz again. It will no longer be used as a weapon against the World! President DONALD J. TRUMP
TRT070,2026-04-19T12:10:10+0000,Trump (Truth Social),"Iran decided to fire bullets yesterday in the Strait of Hormuz — A Total Violation of our Ceasefire Agreement! Many of them were aimed at a French Ship, and a Freighter from the United Kingdom. That wasn't nice, was it? My Representatives are going to Islamabad, Pakistan — They will be there tomorrow evening, for Negotiations. Iran recently announced that they were closing the Strait, which is strange, because our BLOCKADE has already closed it. They're helping us without knowing, and they are the ones that lose with the closed passage, $500 Million Dollars a day! The United States loses nothing. In fact, many Ships are headed, right now, to the U.S., Texas, Louisiana, and Alaska, to load up, compliments of the IRGC, always wanting to be ""the tough guy!"" We're offering a very fair and reasonable DEAL, and I hope they take it because, if they don't, the United States is going to knock out every single Power Plant, and every single Bridge, in Iran. NO MORE MR. NICE GUY! They'll come down fast, they'll come down easy and, if they don't take the DEAL, it will be my Honor to do what has to be done, which should have been done to Iran, by other Presidents, for the last 47 years. IT'S TIME FOR THE IRAN KILLING MACHINE TO END! President DONALD J. TRUMP"
TRT071,2026-04-19T19:23:20+0000,Trump (Truth Social),"Today, an Iranian-flagged cargo ship named TOUSKA, nearly 900 feet long and weighing almost as much as an aircraft carrier, tried to get past our Naval Blockade, and it did not go well for them. The U.S. Navy Guided Missile Destroyer USS SPRUANCE intercepted the TOUSKA in the Gulf of Oman, and gave them fair warning to stop. The Iranian crew refused to listen, so our Navy ship stopped them right in their tracks by blowing a hole in the engineroom. Right now, U.S. Marines have custody of the vessel. The TOUSKA is under U.S. Treasury Sanctions because of their prior history of illegal activity. We have full custody of the ship, and are seeing what's on board! President DONALD J. TRUMP"
TRT072,2026-04-22T00:36:06+0000,Trump (Truth Social),"Iran doesn't want the Strait of Hormuz closed, they want it open so they can make $500 Million Dollars a day (which is, therefore, what they are losing if it is closed!). They only say they want it closed because I have it totally BLOCKADED (CLOSED!), so they merely want to ""save face."" People approached me four days ago, saying, ""Sir, Iran wants to open up the Strait, immediately."" But if we do that, there can never be a Deal with Iran, unless we blow up the rest of their Country, their leaders included! President DONALD J. TRUMP"
TRT073,2026-04-23T12:45:56+0000,Trump (Truth Social),"I have ordered the United States Navy to shoot and kill any boat, small boats though they may be (Their naval ships are ALL, 159 of them, at the bottom of the sea!), that is putting mines in the waters of the Strait of Hormuz. There is to be no hesitation. Additionally, our mine ""sweepers"" are clearing the Strait right now. I am hereby ordering that activity to continue, but at a tripled up level! Thank you for your attention to this matter. President DONALD J. TRUMP"
TRT074,2026-04-23T13:14:44+0000,Trump (Truth Social),"Iran is having a very hard time figuring out who their leader is! They just don't know! The infighting is between the ""Hardliners,"" who have been losing BADLY on the battlefield, and the ""Moderates,"" who are not very moderate at all (but gaining respect!), is CRAZY! We have total control over the Strait of Hormuz. No ship can enter or leave without the approval of the United States Navy. It is ""Sealed up Tight,"" until such time as Iran is able to make a DEAL!!! Thank you for your attention to this matter. President DONALD J. TRUMP"
TRT075,2026-04-28T13:29:20+0000,Trump (Truth Social),"Iran has just informed us that they are in a ""State of Collapse."" They want us to ""Open the Hormuz Strait,"" as soon as possible, as they try to figure out their leadership situation (Which I believe they will be able to do!). Thank you for your attention to this matter! President DONALD J. TRUMP"
TRT076,2026-04-30T18:30:28+0000,Trump (Truth Social),"In Honor of the King and Queen of the United Kingdom, who have just left the White House, soon headed back to their wonderful Country, I will be removing the Tariffs and Restrictions on Whiskey having to do with Scotland's ability to work with the Commonwealth of Kentucky on Whiskey and Bourbon, two very important Industries within Scotland and Kentucky. People have wanted to do this for a long time, in that there had been great Inter-Country Trade, especially having to do with the Wooden Barrels used. The King and Queen got me to do something that nobody else was able to do, without hardly even asking! A wonderful Honor to have them both in the U.S.A. President DONALD J. TRUMP"
TRT077,2026-05-01T15:50:28+0000,Trump (Truth Social),"I am pleased to announce that, based on the fact the European Union is not complying with our fully agreed to Trade Deal, next week I will be increasing Tariffs charged to the European Union for Cars and Trucks coming into the United States. The Tariff will be increased to 25%. It is fully understood and agreed that, if they produce Cars and Trucks in U.S.A. Plants, there will be NO TARIFF. Many Automobile and Truck Plants are currently under construction, with over 100 Billion Dollars being invested, A RECORD in the History of Car and Truck Manufacturing. These Plants, staffed with American Workers, will be opening soon — There has never been anything like what is happening in America today! Thank you for your attention to this matter. President DONALD J. TRUMP"
TRT078,2026-05-01T15:54:34+0000,Trump (Truth Social),"WE JUST DELIVERED A HUGE WIN for our Great Fishermen and Anglers in FLORIDA, GEORGIA, SOUTH CAROLINA, and NORTH CAROLINA! We have just officially approved ALL STATE PERMITS for the 2026 Red Snapper recreational season. For years, our Great Fishermen have been punished with VERY short Federal fishing seasons despite RECORD HIGH fish populations and the States begging to oversee these permits. The incompetent Biden Administration tried to SHUT DOWN THE OCEANS to our Fishermen, entirely. We love and respect our Fishermen and, unlike the Democrats, will only do good for them. To all those who fish ""Red Snapper"" — TRUMP and NOAA are delivering for you. ENJOY!! President DONALD J. TRUMP"
TRT079,2026-05-03T15:13:45+0000,Trump (Truth Social),"Trump Administration to Withdraw Thousands of Troops From NATO Ally Germany, Pentagon Says: https://www.breitbart.com/europe/2026/05/02/trump-admin-to-withdraw-thousands-of-troops-from-nato-ally-germany/"
TRT080,2026-05-03T20:35:01+0000,Trump (Truth Social),"Countries from all over the World, almost all of which are not involved in the Middle Eastern dispute going on so visibly, and violently, for all to see, have asked the United States if we could help free up their Ships, which are locked up in the Strait of Hormuz, on something which they have absolutely nothing to do with — They are merely neutral and innocent bystanders! For the good of Iran, the Middle East, and the United States, we have told these Countries that we will guide their Ships safely out of these restricted Waterways, so that they can freely and ably get on with their business. Again, these are Ships from areas of the World that are not in any way involved with that which is currently taking place in the Middle East. I have told my Representatives to inform them that we will use best efforts to get their Ships and Crews safely out of the Strait. In all cases, they said they will not be returning until the area becomes safe for navigation, and everything else. This process, Project Freedom, will begin Monday morning, Middle East time. I am fully aware that my Representatives are having very positive discussions with the Country of Iran, and that these discussions could lead to something very positive for all. The Ship movement is merely meant to free up people, companies, and Countries that have done absolutely nothing wrong — They are victims of circumstance. This is a Humanitarian gesture on behalf of the United States, Middle Eastern Countries but, in particular, the Country of Iran. Many of these Ships are running low on food, and everything else necessary for largescale crews to stay on board in a healthy and sanitary manner. I think it would go a long way in showing Goodwill on behalf of all of those who have been fighting so strenuously over the last number of months. If, in any way, this Humanitarian process is interfered with, that interference will, unfortunately, have to be dealt with forcefully. Thank you for your attention to this matter!DONALD J. TRUMPPRESIDENT OF THE UNITED STATES OF AMERICA"
TRT081,2026-05-04T17:16:58+0000,Trump (Truth Social),"Iran has taken some shots at unrelated Nations with respect to the Ship Movement, PROJECT FREEDOM, including a South Korean Cargo Ship. Perhaps it's time for South Korea to come and join the mission! We've shot down seven small Boats or, as they like to call them, ""fast"" Boats. It's all they have left. Other than the South Korean Ship, there has been, at this moment, no damage going through the Strait. Secretary of War Pete Hegseth and Chairman of the Joint Chiefs of Staff, Dan Caine, will have a News Conference tomorrow morning. Thank you for your attention to this matter! President DONALD J. TRUMP"
TRT082,2026-05-05T22:52:09+0000,Trump (Truth Social),"Based on the request of Pakistan and other Countries, the tremendous Military Success that we have had during the Campaign against the Country of Iran and, additionally, the fact that Great Progress has been made toward a Complete and Final Agreement with Representatives of Iran, we have mutually agreed that, while the Blockade will remain in full force and effect, Project Freedom (The Movement of Ships through the Strait of Hormuz) will be paused for a short period of time to see whether or not the Agreement can be finalized and signed. President DONALD J. TRUMP"
TRT083,2026-05-06T11:41:41+0000,Trump (Truth Social),"Assuming Iran agrees to give what has been agreed to, which is, perhaps, a big assumption, the already legendary Epic Fury will be at an end, and the highly effective Blockade will allow the Hormuz Strait to be OPEN TO ALL, including Iran. If they don't agree, the bombing starts, and it will be, sadly, at a much higher level and intensity than it was before. Thank you for your attention to this matter! President DONALD J. TRUMP"
TRT084,2026-05-06T15:08:37+0000,Trump (Truth Social),"Lilly commits additional $4.5 billion across Indiana manufacturing sites, opens first dedicated genetic medicine facility: https://investor.lilly.com/news-releases/news-release-details/lilly-commits-additional-45-billion-across-indiana-manufacturing"
TRT085,2026-05-07T22:34:08+0000,Trump (Truth Social),"Three World Class American Destroyers just transited, very successfully, out of the Strait of Hormuz, under fire. There was no damage done to the three Destroyers, but great damage done to the Iranian attackers. They were completely destroyed along with numerous small boats, which are being used to take the place of their fully decapitated Navy. These boats went to the bottom of the Sea, quickly and efficiently. Missiles were shot at our Destroyers, and were easily knocked down. Likewise, drones came, and were incinerated while in the air. They dropped ever so beautifully down to the Ocean, very much like a butterfly dropping to its grave! A normal Country would have allowed these Destroyers to pass, but Iran is not a normal Country. They are led by LUNATICS, and if they had the chance to use a Nuclear Weapon, they would do it, without question — But they'll never have that opportunity and, just like we knocked them out again today, we'll knock them out a lot harder, and a lot more violently, in the future, if they don't get their Deal signed, FAST! Our three Destroyers, with their wonderful Crews, will now rejoin our Naval Blockade, which is truly a ""Wall of Steel."" President DONALD J. TRUMP"
TRT086,2026-05-08T18:00:31+0000,Trump (Truth Social),"I am pleased to announce that there will be a THREE DAY CEASEFIRE (May 9th, 10th, and 11th) in the War between Russia and Ukraine. The Celebration in Russia is for Victory Day but, likewise, in Ukraine, because they were also a big part and factor of World War II. This Ceasefire will include a suspension of all kinetic activity, and also a prison swap of 1,000 prisoners from each Country. This request was made directly by me, and I very much appreciate its agreement by President Vladimir Putin and President Volodymyr Zelenskyy. Hopefully, it is the beginning of the end of a very long, deadly, and hard fought War. Talks are continuing on ending this Major Conflict, the biggest since World War II, and we are getting closer and closer every day. Thank you for your attention to this matter! President DONALD J. TRUMP"
TRT087,2026-05-10T18:43:57+0000,Trump (Truth Social),"ALL FEDERAL AGENCIES MUST BUY AMERICAN — NO EXCUSES! For decades, Washington politicians sent your Taxpayer Dollars overseas, and let Foreign Countries rip us off while our Workers, Factories, and Supply Chains were left behind. That betrayal is OVER. My Administration is strengthening MADE IN AMERICA Laws, ENDING Waiver Loopholes, and STOPPING the Federal Government from buying Foreign Products when Great American Products are available — And to the D.C. Bureaucrats: NO MORE handing out Waivers like candy! No more rubber-stamping exceptions for Foreign Products while American Workers get shafted. We are putting American Workers, American Factories, and American Supply Chains FIRST — Bigger, better, and stronger than ever before! I already signed EO 14392 to crack down on fake ""MADE IN AMERICA"" claims, and we are enforcing it HARD. No more games. No more fake labels. No more ripping off the American Taxpayer. AMERICA FIRST means BUY AMERICAN! President DONALD J. TRUMP"
TRT088,2026-05-18T19:01:25+0000,Trump (Truth Social),"I have been asked by the Emir of Qatar, Tamim bin Hamad Al Thani, the Crown Prince of Saudi Arabia, Mohammed bin Salman Al Saud, and the President of the United Arab Emirates, Mohamed bin Zayed Al Nahyan, to hold off on our planned Military attack of the Islamic Republic of Iran, which was scheduled for tomorrow, in that serious negotiations are now taking place, and that, in their opinion, as Great Leaders and Allies, a Deal will be made, which will be very acceptable to the United States of America, as well as all Countries in the Middle East, and beyond. This Deal will include, importantly, NO NUCLEAR WEAPONS FOR IRAN! Based on my respect for the above mentioned Leaders, I have instructed Secretary of War, Pete Hegseth, The Chairman of The Joint Chiefs of Staff, General Daniel Caine, and The United States Military, that we will NOT be doing the scheduled attack of Iran tomorrow, but have further instructed them to be prepared to go forward with a full, large scale assault of Iran, on a moment's notice, in the event that an acceptable Deal is not reached. Thank you for your attention to this matter! President DONALD J. TRUMP"
TRT089,2026-05-21T20:26:22+0000,Trump (Truth Social),"Based on the successful Election of the now President of Poland, Karol Nawrocki, who I was proud to Endorse, and our relationship with him, I am pleased to announce that the United States will be sending an additional 5,000 Troops to Poland. Thank you for your attention to this matter! President DONALD J. TRUMP"
TRT090,2026-05-29T14:51:24+0000,Trump (Truth Social),"Iran must agree that they will never have a Nuclear Weapon or Bomb. The Hormuz Strait must be immediately open, no tolls, for unrestricted shipping traffic, in both directions. All water mines (bombs), if any, will be terminated (we have removed, through detonation, numerous such mines with our great underwater mine sweepers. Iran will complete the immediate removal and/or detonation of any mines that are left, which will not be many!). Ships caught in the Strait due to our amazing and unprecedented Naval Blockade, which will now be lifted, may start the process of ""heading home!"" Say HELLO to your wives, husbands, parents, and families from me, your favorite President! The enriched material, sometimes referred to as ""Nuclear Dust,"" which is buried deep underground with virtually collapsed mountains, caused by our powerful B2 Bomber attack 11 months ago, sitting on top of it, will be unearthed by the United States (which, it is agreed, is the only Country, along with China, with the mechanical capability of doing so!), in close coordination and conjunction with the Islamic Republic of Iran, plus the International Atomic Energy Agency, and DESTROYED. No money will be exchanged, until further notice. Other items, of far less importance, have been agreed to. I will be meeting now, in the Situation Room, to make a final determination. Thank you for your attention to this matter! President DONALD J. TRUMP"
TRT091,2026-06-01T17:29:52+0000,Trump (Truth Social),"I had a very productive call with Prime Minister Bibi Netanyahu, of Israel, and there will be no Troops going to Beirut, and any Troops that are on their way, have already been turned back. Likewise, through highly placed Representatives, I had a very good call with Hezbollah, and they agreed that all shooting will stop — That Israel will not attack them, and they will not attack Israel. President DONALD J. TRUMP"
TRT092,2026-06-05T23:28:26+0000,Trump (Truth Social),"I am pleased to announce that TrumpRx.gov is adding another 160 Prescription Drugs, at highly discounted prices, for a new total of over 800 of the most commonly-used Prescription Drugs. TrumpRx.gov will now provide clear, transparent, and DISCOUNTED offerings for FOUR OUT OF FIVE of every prescription filled by Americans. I was proud to make History during my First Term when we lowered Drug Prices, even if by a tiny percentage, because this amounted to a HUGE change compared to other presidents only raising Drug Prices, endlessly and significantly, every year. Then, during my Second Term, I decided to go BIG with Most Favored Nations Pricing — That is to say, we pay no more or, ideally, less than any other Country for the same exact Drug. Now we are cutting Prices, and cutting them by a LOT, sometimes by 400 or 500 or 600 Percent! These Most Favored Nations Deals have already, in fact, saved American Patients over 400 Million Dollars since the launch of TrumpRx.gov. Of course, Most Favored Nations would not be possible without my use of TARIFFS, which are getting other Countries to ""pay up"" instead of relying on American Patients getting ripped off, as they were for decades until I ordered an immediate ""stop"" to this very unfair and, frankly, foolish situation. This is all great news, and I have instructed my Administration to secure more Most Favored Nations Deals, more Partnerships, and Lower Prices for every American Patient. Before filling out a Prescription, make sure you ""CHECK OUT"" – TRUMPRX.GOV. Thank you for your attention to this matter! President DONALD J. TRUMPHTTPS://TRUMPRX.GOV"
TRT093,2026-06-08T10:34:10+0000,Trump (Truth Social),"Both sides, Israel and Iran, are looking to do an immediate CEASEFIRE! Final negotiations on ""Peace"" are proceeding, subject to ignorance or stupidity getting in its way. The Blockade will remain in place, and in full force and effect, until a ""Final Deal"" is reached. Things should move quickly. Thank you for your attention to this matter! President DONALD J. TRUMP"
TRT094,2026-06-09T16:38:07+0000,Trump (Truth Social),"I have just been informed by our Great Military that last night the Iranians shot down one of our highly sophisticated Apache Helicopters while patrolling over the Strait of Hormuz. There were two pilots involved, both are safe and uninjured. Nevertheless, the United States must, of necessity, respond to this attack. Thank you for your attention to this matter! President DONALD J. TRUMP"
TRT095,2026-06-10T11:32:52+0000,Trump (Truth Social),"The Fake News Media refuses to report how EFFECTIVE the U.S. Naval BLOCKADE is, the most successful Blockade in the history of Naval Warfare. NOTHING GETS THROUGH unless we want it to. IT IS A STEEL WALL! Iran is doing ZERO business, not paying their military, or any of their bills, and quickly becoming a FAILED NATION! Lots of oil is getting out. Praise be to Allah! President DONALD J. TRUMP"
TRT096,2026-06-11T12:22:08+0000,Trump (Truth Social),"The United States will be hitting Iran (Whose Navy, Air Force, Radar, Anti Aircraft, and all other forms of Defense, together with most of its offensive capability, are GONE!), VERY HARD TONIGHT. At some point in the not too distant future, we will be taking Kharg Island, and other oil infrastructure points, and assume total control of their Oil and Gas Markets, much like we have with Venezuela, which is working out brilliantly for both Venezuela and the United States of America. Thank you for your attention to this matter! President DONALD J. TRUMP"
TRT097,2026-06-11T17:28:48+0000,Trump (Truth Social),"Based on the fact that discussions with the Islamic Republic of Iran have been brought to the highest level of Iranian leadership and approved, I have, as President of the United States of America, cancelled the scheduled strikes and bombings against Iran this evening. Discussions and final points have been, in both concept and great detail, approved by all parties involved, including the United States, Israel, Saudi Arabia, UAE, Qatar, Turkey, Pakistan, Bahrain, Kuwait, Jordan, Egypt, and others. The Naval Blockade will remain in full force and effect until this Transaction is finalized — Time and place of the signing to be announced shortly.DONALD J. TRUMPPRESIDENT OF THE UNITED STATES OF AMERICA"
TRT098,2026-06-14T21:29:48+0000,Trump (Truth Social),"The Deal with the Islamic Republic of Iran is now complete. Congratulations to all! I hereby fully authorize the toll free opening of the Strait of Hormuz, and, simultaneously herewith, authorize the immediate removal of the United States Naval blockade. Ships of the World, start your engines. Let the oil flow! President DONALD J. TRUMP"
TRT099,2026-06-15T13:06:11+0000,Trump (Truth Social),"Ships are starting to move, many loaded up with Oil, out of the Strait of Hormuz. They are going along the Southern ""Highway,"" which is totally safe, secure, and pristine. There are other areas of travel, also!!! President DJT"
TRT100,2026-06-17T14:01:23+0000,Trump (Truth Social),"I will be doing a Press Conference in 45 minutes from France. I'll then be heading to Versailles for Dinner with French and other European Leaders, and then back home tonight! The trip was a Great Success but, mostly what people wanted to talk about, is the fact that Iran will not have a Nuclear Weapon, and that the Strait of Hormuz will immediately be opened! Great Numbers in all categories for the United States Economy with more people working today than have ever worked before. Over 19.1 Trillion being invested in the U.S.A. with Factories and everything else happening but, importantly, recent Stock Market numbers are through the roof because of the settlement and, likewise, Oil Prices are tumbling down! President DONALD J. TRUMP"
TRT101,2026-06-18T12:57:28+0000,Trump (Truth Social),Pope Leo commends US-Iran peace deal: https://justthenews.com/nation/religion/pope-leo-commends-us-iran-peace-deal-ahead-friday-signing
